Code,Famille,Rôle
Code-001,V100,Cœur stratégique du système
Code-002,V100++,Sécurité et protection du noyau
Code-003,V100+++,Analyse et décision
Code-004,VALGO,Création et innovation
Code-005,VBUZZ,Optimisation et harmonisation
Code-006,V-HARMONY,Activation et contrôle
Code-007,V-SYNCHROGUARD,Production audio/vidéo
Code-008,Création & Production,Sauvegarde et restauration
Code-009,V100,Cœur stratégique du système
Code-010,V100++,Sécurité et protection du noyau
Code-011,V100+++,Analyse et décision
Code-012,VALGO,Création et innovation
Code-013,VBUZZ,Optimisation et harmonisation
Code-014,V-HARMONY,Activation et contrôle
Code-015,V-SYNCHROGUARD,Production audio/vidéo
Code-016,Création & Production,Sauvegarde et restauration
Code-017,V100,Cœur stratégique du système
Code-018,V100++,Sécurité et protection du noyau
Code-019,V100+++,Analyse et décision
Code-020,VALGO,Création et innovation
Code-021,VBUZZ,Optimisation et harmonisation
Code-022,V-HARMONY,Activation et contrôle
Code-023,V-SYNCHROGUARD,Production audio/vidéo
Code-024,Création & Production,Sauvegarde et restauration
Code-025,V100,Cœur stratégique du système
Code-026,V100++,Sécurité et protection du noyau
Code-027,V100+++,Analyse et décision
Code-028,VALGO,Création et innovation
Code-029,VBUZZ,Optimisation et harmonisation
Code-030,V-HARMONY,Activation et contrôle
Code-031,V-SYNCHROGUARD,Production audio/vidéo
Code-032,Création & Production,Sauvegarde et restauration
Code-033,V100,Cœur stratégique du système
Code-034,V100++,Sécurité et protection du noyau
Code-035,V100+++,Analyse et décision
Code-036,VALGO,Création et innovation
Code-037,VBUZZ,Optimisation et harmonisation
Code-038,V-HARMONY,Activation et contrôle
Code-039,V-SYNCHROGUARD,Production audio/vidéo
Code-040,Création & Production,Sauvegarde et restauration
Code-041,V100,Cœur stratégique du système
Code-042,V100++,Sécurité et protection du noyau
Code-043,V100+++,Analyse et décision
Code-044,VALGO,Création et innovation
Code-045,VBUZZ,Optimisation et harmonisation
Code-046,V-HARMONY,Activation et contrôle
Code-047,V-SYNCHROGUARD,Production audio/vidéo
Code-048,Création & Production,Sauvegarde et restauration
Code-049,V100,Cœur stratégique du système
Code-050,V100++,Sécurité et protection du noyau
Code-051,V100+++,Analyse et décision
Code-052,VALGO,Création et innovation
Code-053,VBUZZ,Optimisation et harmonisation
Code-054,V-HARMONY,Activation et contrôle
Code-055,V-SYNCHROGUARD,Production audio/vidéo
Code-056,Création & Production,Sauvegarde et restauration
Code-057,V100,Cœur stratégique du système
Code-058,V100++,Sécurité et protection du noyau
Code-059,V100+++,Analyse et décision
Code-060,VALGO,Création et innovation
Code-061,VBUZZ,Optimisation et harmonisation
Code-062,V-HARMONY,Activation et contrôle
Code-063,V-SYNCHROGUARD,Production audio/vidéo
Code-064,Création & Production,Sauvegarde et restauration
Code-065,V100,Cœur stratégique du système
Code-066,V100++,Sécurité et protection du noyau
Code-067,V100+++,Analyse et décision
Code-068,VALGO,Création et innovation
Code-069,VBUZZ,Optimisation et harmonisation
Code-070,V-HARMONY,Activation et contrôle
Code-071,V-SYNCHROGUARD,Production audio/vidéo
Code-072,Création & Production,Sauvegarde et restauration
Code-073,V100,Cœur stratégique du système
Code-074,V100++,Sécurité et protection du noyau
Code-075,V100+++,Analyse et décision
Code-076,VALGO,Création et innovation
Code-077,VBUZZ,Optimisation et harmonisation
Code-078,V-HARMONY,Activation et contrôle
Code-079,V-SYNCHROGUARD,Production audio/vidéo
Code-080,Création & Production,Sauvegarde et restauration
Code-081,V100,Cœur stratégique du système
Code-082,V100++,Sécurité et protection du noyau
Code-083,V100+++,Analyse et décision
Code-084,VALGO,Création et innovation
Code-085,VBUZZ,Optimisation et harmonisation
Code-086,V-HARMONY,Activation et contrôle
Code-087,V-SYNCHROGUARD,Production audio/vidéo
Code-088,Création & Production,Sauvegarde et restauration
Code-089,V100,Cœur stratégique du système
Code-090,V100++,Sécurité et protection du noyau
Code-091,V100+++,Analyse et décision
Code-092,VALGO,Création et innovation
Code-093,VBUZZ,Optimisation et harmonisation
Code-094,V-HARMONY,Activation et contrôle
Code-095,V-SYNCHROGUARD,Production audio/vidéo
Code-096,Création & Production,Sauvegarde et restauration
Code-097,V100,Cœur stratégique du système
Code-098,V100++,Sécurité et protection du noyau
Code-099,V100+++,Analyse et décision
Code-100,VALGO,Création et innovation
Code-101,VBUZZ,Optimisation et harmonisation
Code-102,V-HARMONY,Activation et contrôle
Code-103,V-SYNCHROGUARD,Production audio/vidéo
Code-104,Création & Production,Sauvegarde et restauration
Code-105,V100,Cœur stratégique du système
Code-106,V100++,Sécurité et protection du noyau
Code-107,V100+++,Analyse et décision
Code-108,VALGO,Création et innovation
Code-109,VBUZZ,Optimisation et harmonisation
Code-110,V-HARMONY,Activation et contrôle
Code-111,V-SYNCHROGUARD,Production audio/vidéo
Code-112,Création & Production,Sauvegarde et restauration
Code-113,V100,Cœur stratégique du système
Code-114,V100++,Sécurité et protection du noyau
Code-115,V100+++,Analyse et décision
Code-116,VALGO,Création et innovation
Code-117,VBUZZ,Optimisation et harmonisation
Code-118,V-HARMONY,Activation et contrôle
Code-119,V-SYNCHROGUARD,Production audio/vidéo
Code-120,Création & Production,Sauvegarde et restauration
Code-121,V100,Cœur stratégique du système
Code-122,V100++,Sécurité et protection du noyau
Code-123,V100+++,Analyse et décision
Code-124,VALGO,Création et innovation
Code-125,VBUZZ,Optimisation et harmonisation
Code-126,V-HARMONY,Activation et contrôle
Code-127,V-SYNCHROGUARD,Production audio/vidéo
Code-128,Création & Production,Sauvegarde et restauration
Code-129,V100,Cœur stratégique du système
Code-130,V100++,Sécurité et protection du noyau
Code-131,V100+++,Analyse et décision
Code-132,VALGO,Création et innovation
Code-133,VBUZZ,Optimisation et harmonisation
Code-134,V-HARMONY,Activation et contrôle
Code-135,V-SYNCHROGUARD,Production audio/vidéo
Code-136,Création & Production,Sauvegarde et restauration
Code-137,V100,Cœur stratégique du système
Code-138,V100++,Sécurité et protection du noyau
Code-139,V100+++,Analyse et décision
Code-140,VALGO,Création et innovation
Code-141,VBUZZ,Optimisation et harmonisation
Code-142,V-HARMONY,Activation et contrôle
Code-143,V-SYNCHROGUARD,Production audio/vidéo
Code-144,Création & Production,Sauvegarde et restauration
Code-145,V100,Cœur stratégique du système
Code-146,V100++,Sécurité et protection du noyau
Code-147,V100+++,Analyse et décision
Code-148,VALGO,Création et innovation
Code-149,VBUZZ,Optimisation et harmonisation
Code-150,V-HARMONY,Activation et contrôle
Code-151,V-SYNCHROGUARD,Production audio/vidéo
Code-152,Création & Production,Sauvegarde et restauration
Code-153,V100,Cœur stratégique du système
Code-154,V100++,Sécurité et protection du noyau
Code-155,V100+++,Analyse et décision
Code-156,VALGO,Création et innovation
Code-157,VBUZZ,Optimisation et harmonisation
Code-158,V-HARMONY,Activation et contrôle
Code-159,V-SYNCHROGUARD,Production audio/vidéo
Code-160,Création & Production,Sauvegarde et restauration
Code-161,V100,Cœur stratégique du système
Code-162,V100++,Sécurité et protection du noyau
Code-163,V100+++,Analyse et décision
Code-164,VALGO,Création et innovation
Code-165,VBUZZ,Optimisation et harmonisation
Code-166,V-HARMONY,Activation et contrôle
Code-167,V-SYNCHROGUARD,Production audio/vidéo
Code-168,Création & Production,Sauvegarde et restauration
Code-169,V100,Cœur stratégique du système
Code-170,V100++,Sécurité et protection du noyau
Code-171,V100+++,Analyse et décision
Code-172,VALGO,Création et innovation
Code-173,VBUZZ,Optimisation et harmonisation
Code-174,V-HARMONY,Activation et contrôle
Code-175,V-SYNCHROGUARD,Production audio/vidéo
Code-176,Création & Production,Sauvegarde et restauration
Code-177,V100,Cœur stratégique du système
Code-178,V100++,Sécurité et protection du noyau
Code-179,V100+++,Analyse et décision
Code-180,VALGO,Création et innovation
Code-181,VBUZZ,Optimisation et harmonisation
Code-182,V-HARMONY,Activation et contrôle
Code-183,V-SYNCHROGUARD,Production audio/vidéo
Code-184,Création & Production,Sauvegarde et restauration
Code-185,V100,Cœur stratégique du système
Code-186,V100++,Sécurité et protection du noyau
Code-187,V100+++,Analyse et décision
Code-188,VALGO,Création et innovation
Code-189,VBUZZ,Optimisation et harmonisation
Code-190,V-HARMONY,Activation et contrôle
Code-191,V-SYNCHROGUARD,Production audio/vidéo
Code-192,Création & Production,Sauvegarde et restauration
Code-193,V100,Cœur stratégique du système
Code-194,V100++,Sécurité et protection du noyau
Code-195,V100+++,Analyse et décision
Code-196,VALGO,Création et innovation
Code-197,VBUZZ,Optimisation et harmonisation
Code-198,V-HARMONY,Activation et contrôle
Code-199,V-SYNCHROGUARD,Production audio/vidéo
Code-200,Création & Production,Sauvegarde et restauration
Code-201,V100,Cœur stratégique du système
Code-202,V100++,Sécurité et protection du noyau
Code-203,V100+++,Analyse et décision
Code-204,VALGO,Création et innovation
Code-205,VBUZZ,Optimisation et harmonisation
Code-206,V-HARMONY,Activation et contrôle
Code-207,V-SYNCHROGUARD,Production audio/vidéo
Code-208,Création & Production,Sauvegarde et restauration
Code-209,V100,Cœur stratégique du système
Code-210,V100++,Sécurité et protection du noyau
Code-211,V100+++,Analyse et décision
Code-212,VALGO,Création et innovation
Code-213,VBUZZ,Optimisation et harmonisation
Code-214,V-HARMONY,Activation et contrôle
Code-215,V-SYNCHROGUARD,Production audio/vidéo
Code-216,Création & Production,Sauvegarde et restauration
Code-217,V100,Cœur stratégique du système
Code-218,V100++,Sécurité et protection du noyau
Code-219,V100+++,Analyse et décision
Code-220,VALGO,Création et innovation
Code-221,VBUZZ,Optimisation et harmonisation
Code-222,V-HARMONY,Activation et contrôle
Code-223,V-SYNCHROGUARD,Production audio/vidéo
Code-224,Création & Production,Sauvegarde et restauration
Code-225,V100,Cœur stratégique du système
Code-226,V100++,Sécurité et protection du noyau
Code-227,V100+++,Analyse et décision
Code-228,VALGO,Création et innovation
Code-229,VBUZZ,Optimisation et harmonisation
Code-230,V-HARMONY,Activation et contrôle
Code-231,V-SYNCHROGUARD,Production audio/vidéo
Code-232,Création & Production,Sauvegarde et restauration
Code-233,V100,Cœur stratégique du système
Code-234,V100++,Sécurité et protection du noyau
Code-235,V100+++,Analyse et décision
Code-236,VALGO,Création et innovation
Code-237,VBUZZ,Optimisation et harmonisation
Code-238,V-HARMONY,Activation et contrôle
Code-239,V-SYNCHROGUARD,Production audio/vidéo
Code-240,Création & Production,Sauvegarde et restauration
Code-241,V100,Cœur stratégique du système
Code-242,V100++,Sécurité et protection du noyau
Code-243,V100+++,Analyse et décision
Code-244,VALGO,Création et innovation
Code-245,VBUZZ,Optimisation et harmonisation
Code-246,V-HARMONY,Activation et contrôle
Code-247,V-SYNCHROGUARD,Production audio/vidéo
Code-248,Création & Production,Sauvegarde et restauration
Code-249,V100,Cœur stratégique du système
Code-250,V100++,Sécurité et protection du noyau
Code-251,V100+++,Analyse et décision
Code-252,VALGO,Création et innovation
Code-253,VBUZZ,Optimisation et harmonisation
Code-254,V-HARMONY,Activation et contrôle
Code-255,V-SYNCHROGUARD,Production audio/vidéo
Code-256,Création & Production,Sauvegarde et restauration
Code-257,V100,Cœur stratégique du système
Code-258,V100++,Sécurité et protection du noyau
Code-259,V100+++,Analyse et décision
Code-260,VALGO,Création et innovation
Code-261,VBUZZ,Optimisation et harmonisation
Code-262,V-HARMONY,Activation et contrôle
Code-263,V-SYNCHROGUARD,Production audio/vidéo
Code-264,Création & Production,Sauvegarde et restauration
Code-265,V100,Cœur stratégique du système
Code-266,V100++,Sécurité et protection du noyau
Code-267,V100+++,Analyse et décision
Code-268,VALGO,Création et innovation
Code-269,VBUZZ,Optimisation et harmonisation
Code-270,V-HARMONY,Activation et contrôle
Code-271,V-SYNCHROGUARD,Production audio/vidéo
Code-272,Création & Production,Sauvegarde et restauration
Code-273,V100,Cœur stratégique du système
Code-274,V100++,Sécurité et protection du noyau
Code-275,V100+++,Analyse et décision
Code-276,VALGO,Création et innovation
Code-277,VBUZZ,Optimisation et harmonisation
Code-278,V-HARMONY,Activation et contrôle
Code-279,V-SYNCHROGUARD,Production audio/vidéo
Code-280,Création & Production,Sauvegarde et restauration
Code-281,V100,Cœur stratégique du système
Code-282,V100++,Sécurité et protection du noyau
Code-283,V100+++,Analyse et décision
Code-284,VALGO,Création et innovation
Code-285,VBUZZ,Optimisation et harmonisation
Code-286,V-HARMONY,Activation et contrôle
Code-287,V-SYNCHROGUARD,Production audio/vidéo
Code-288,Création & Production,Sauvegarde et restauration
Code-289,V100,Cœur stratégique du système
Code-290,V100++,Sécurité et protection du noyau
Code-291,V100+++,Analyse et décision
Code-292,VALGO,Création et innovation
Code-293,VBUZZ,Optimisation et harmonisation
Code-294,V-HARMONY,Activation et contrôle
Code-295,V-SYNCHROGUARD,Production audio/vidéo
Code-296,Création & Production,Sauvegarde et restauration
Code-297,V100,Cœur stratégique du système
Code-298,V100++,Sécurité et protection du noyau
Code-299,V100+++,Analyse et décision
Code-300,VALGO,Création et innovation
Code-301,VBUZZ,Optimisation et harmonisation
Code-302,V-HARMONY,Activation et contrôle
Code-303,V-SYNCHROGUARD,Production audio/vidéo
Code-304,Création & Production,Sauvegarde et restauration
Code-305,V100,Cœur stratégique du système
Code-306,V100++,Sécurité et protection du noyau
Code-307,V100+++,Analyse et décision
Code-308,VALGO,Création et innovation
Code-309,VBUZZ,Optimisation et harmonisation
Code-310,V-HARMONY,Activation et contrôle
Code-311,V-SYNCHROGUARD,Production audio/vidéo
Code-312,Création & Production,Sauvegarde et restauration
Code-313,V100,Cœur stratégique du système
Code-314,V100++,Sécurité et protection du noyau
Code-315,V100+++,Analyse et décision
Code-316,VALGO,Création et innovation
Code-317,VBUZZ,Optimisation et harmonisation
Code-318,V-HARMONY,Activation et contrôle
Code-319,V-SYNCHROGUARD,Production audio/vidéo
Code-320,Création & Production,Sauvegarde et restauration
Code-321,V100,Cœur stratégique du système
Code-322,V100++,Sécurité et protection du noyau
Code-323,V100+++,Analyse et décision
Code-324,VALGO,Création et innovation
Code-325,VBUZZ,Optimisation et harmonisation
Code-326,V-HARMONY,Activation et contrôle
Code-327,V-SYNCHROGUARD,Production audio/vidéo
Code-328,Création & Production,Sauvegarde et restauration
Code-329,V100,Cœur stratégique du système
Code-330,V100++,Sécurité et protection du noyau
Code-331,V100+++,Analyse et décision
Code-332,VALGO,Création et innovation
Code-333,VBUZZ,Optimisation et harmonisation
Code-334,V-HARMONY,Activation et contrôle
Code-335,V-SYNCHROGUARD,Production audio/vidéo
Code-336,Création & Production,Sauvegarde et restauration
Code-337,V100,Cœur stratégique du système
Code-338,V100++,Sécurité et protection du noyau
Code-339,V100+++,Analyse et décision
Code-340,VALGO,Création et innovation
Code-341,VBUZZ,Optimisation et harmonisation
Code-342,V-HARMONY,Activation et contrôle
Code-343,V-SYNCHROGUARD,Production audio/vidéo
Code-344,Création & Production,Sauvegarde et restauration
Code-345,V100,Cœur stratégique du système
Code-346,V100++,Sécurité et protection du noyau
Code-347,V100+++,Analyse et décision
Code-348,VALGO,Création et innovation
Code-349,VBUZZ,Optimisation et harmonisation
Code-350,V-HARMONY,Activation et contrôle
Code-351,V-SYNCHROGUARD,Production audio/vidéo
Code-352,Création & Production,Sauvegarde et restauration
Code-353,V100,Cœur stratégique du système
Code-354,V100++,Sécurité et protection du noyau
Code-355,V100+++,Analyse et décision
Code-356,VALGO,Création et innovation
Code-357,VBUZZ,Optimisation et harmonisation
Code-358,V-HARMONY,Activation et contrôle
Code-359,V-SYNCHROGUARD,Production audio/vidéo
Code-360,Création & Production,Sauvegarde et restauration
Code-361,V100,Cœur stratégique du système
Code-362,V100++,Sécurité et protection du noyau
Code-363,V100+++,Analyse et décision
Code-364,VALGO,Création et innovation
Code-365,VBUZZ,Optimisation et harmonisation
Code-366,V-HARMONY,Activation et contrôle
Code-367,V-SYNCHROGUARD,Production audio/vidéo
Code-368,Création & Production,Sauvegarde et restauration
Code-369,V100,Cœur stratégique du système
Code-370,V100++,Sécurité et protection du noyau
Code-371,V100+++,Analyse et décision
Code-372,VALGO,Création et innovation
Code-373,VBUZZ,Optimisation et harmonisation
Code-374,V-HARMONY,Activation et contrôle
Code-375,V-SYNCHROGUARD,Production audio/vidéo
Code-376,Création & Production,Sauvegarde et restauration
Code-377,V100,Cœur stratégique du système
Code-378,V100++,Sécurité et protection du noyau
Code-379,V100+++,Analyse et décision
Code-380,VALGO,Création et innovation
Code-381,VBUZZ,Optimisation et harmonisation
Code-382,V-HARMONY,Activation et contrôle
Code-383,V-SYNCHROGUARD,Production audio/vidéo
Code-384,Création & Production,Sauvegarde et restauration
Code-385,V100,Cœur stratégique du système
Code-386,V100++,Sécurité et protection du noyau
Code-387,V100+++,Analyse et décision
Code-388,VALGO,Création et innovation
Code-389,VBUZZ,Optimisation et harmonisation
Code-390,V-HARMONY,Activation et contrôle
Code-391,V-SYNCHROGUARD,Production audio/vidéo
Code-392,Création & Production,Sauvegarde et restauration
Code-393,V100,Cœur stratégique du système
Code-394,V100++,Sécurité et protection du noyau
Code-395,V100+++,Analyse et décision
Code-396,VALGO,Création et innovation
Code-397,VBUZZ,Optimisation et harmonisation
Code-398,V-HARMONY,Activation et contrôle
Code-399,V-SYNCHROGUARD,Production audio/vidéo
Code-400,Création & Production,Sauvegarde et restauration
Code-401,V100,Cœur stratégique du système
Code-402,V100++,Sécurité et protection du noyau
Code-403,V100+++,Analyse et décision
Code-404,VALGO,Création et innovation
Code-405,VBUZZ,Optimisation et harmonisation
Code-406,V-HARMONY,Activation et contrôle
Code-407,V-SYNCHROGUARD,Production audio/vidéo
Code-408,Création & Production,Sauvegarde et restauration
Code-409,V100,Cœur stratégique du système
Code-410,V100++,Sécurité et protection du noyau
Code-411,V100+++,Analyse et décision
Code-412,VALGO,Création et innovation
Code-413,VBUZZ,Optimisation et harmonisation
Code-414,V-HARMONY,Activation et contrôle
Code-415,V-SYNCHROGUARD,Production audio/vidéo
Code-416,Création & Production,Sauvegarde et restauration
Code-417,V100,Cœur stratégique du système
Code-418,V100++,Sécurité et protection du noyau
Code-419,V100+++,Analyse et décision
Code-420,VALGO,Création et innovation
Code-421,VBUZZ,Optimisation et harmonisation
Code-422,V-HARMONY,Activation et contrôle
Code-423,V-SYNCHROGUARD,Production audio/vidéo
Code-424,Création & Production,Sauvegarde et restauration
Code-425,V100,Cœur stratégique du système
Code-426,V100++,Sécurité et protection du noyau
Code-427,V100+++,Analyse et décision
Code-428,VALGO,Création et innovation
Code-429,VBUZZ,Optimisation et harmonisation
Code-430,V-HARMONY,Activation et contrôle
Code-431,V-SYNCHROGUARD,Production audio/vidéo
Code-432,Création & Production,Sauvegarde et restauration
Code-433,V100,Cœur stratégique du système
Code-434,V100++,Sécurité et protection du noyau
Code-435,V100+++,Analyse et décision
Code-436,VALGO,Création et innovation
Code-437,VBUZZ,Optimisation et harmonisation
Code-438,V-HARMONY,Activation et contrôle
Code-439,V-SYNCHROGUARD,Production audio/vidéo
Code-440,Création & Production,Sauvegarde et restauration
Code-441,V100,Cœur stratégique du système
Code-442,V100++,Sécurité et protection du noyau
Code-443,V100+++,Analyse et décision
Code-444,VALGO,Création et innovation
Code-445,VBUZZ,Optimisation et harmonisation
Code-446,V-HARMONY,Activation et contrôle
Code-447,V-SYNCHROGUARD,Production audio/vidéo
Code-448,Création & Production,Sauvegarde et restauration
Code-449,V100,Cœur stratégique du système
Code-450,V100++,Sécurité et protection du noyau
Code-451,V100+++,Analyse et décision
Code-452,VALGO,Création et innovation
Code-453,VBUZZ,Optimisation et harmonisation
Code-454,V-HARMONY,Activation et contrôle
Code-455,V-SYNCHROGUARD,Production audio/vidéo
Code-456,Création & Production,Sauvegarde et restauration
Code-457,V100,Cœur stratégique du système
Code-458,V100++,Sécurité et protection du noyau
Code-459,V100+++,Analyse et décision
Code-460,VALGO,Création et innovation
Code-461,VBUZZ,Optimisation et harmonisation
Code-462,V-HARMONY,Activation et contrôle
Code-463,V-SYNCHROGUARD,Production audio/vidéo
Code-464,Création & Production,Sauvegarde et restauration
Code-465,V100,Cœur stratégique du système
Code-466,V100++,Sécurité et protection du noyau
Code-467,V100+++,Analyse et décision
Code-468,VALGO,Création et innovation
Code-469,VBUZZ,Optimisation et harmonisation
Code-470,V-HARMONY,Activation et contrôle
Code-471,V-SYNCHROGUARD,Production audio/vidéo
Code-472,Création & Production,Sauvegarde et restauration
Code-473,V100,Cœur stratégique du système
Code-474,V100++,Sécurité et protection du noyau
Code-475,V100+++,Analyse et décision
Code-476,VALGO,Création et innovation
Code-477,VBUZZ,Optimisation et harmonisation
Code-478,V-HARMONY,Activation et contrôle
Code-479,V-SYNCHROGUARD,Production audio/vidéo
Code-480,Création & Production,Sauvegarde et restauration
Code-481,V100,Cœur stratégique du système
Code-482,V100++,Sécurité et protection du noyau
Code-483,V100+++,Analyse et décision
Code-484,VALGO,Création et innovation
Code-485,VBUZZ,Optimisation et harmonisation
Code-486,V-HARMONY,Activation et contrôle
Code-487,V-SYNCHROGUARD,Production audio/vidéo
Code-488,Création & Production,Sauvegarde et restauration
Code-489,V100,Cœur stratégique du système
Code-490,V100++,Sécurité et protection du noyau
Code-491,V100+++,Analyse et décision
Code-492,VALGO,Création et innovation
Code-493,VBUZZ,Optimisation et harmonisation
Code-494,V-HARMONY,Activation et contrôle
Code-495,V-SYNCHROGUARD,Production audio/vidéo
Code-496,Création & Production,Sauvegarde et restauration
Code-497,V100,Cœur stratégique du système
Code-498,V100++,Sécurité et protection du noyau
Code-499,V100+++,Analyse et décision
Code-500,VALGO,Création et innovation
Archive-01,VBUZZ,Obsolète ou doublon
Archive-02,Création & Production,Obsolète ou doublon
Archive-03,V100+++,Obsolète ou doublon
Archive-04,VALGO,Obsolète ou doublon
Archive-05,V100,Obsolète ou doublon
Archive-06,V100+++,Obsolète ou doublon
Archive-07,V100,Obsolète ou doublon
Archive-08,VALGO,Obsolète ou doublon
Archive-09,V-HARMONY,Obsolète ou doublon
Archive-10,VALGO,Obsolète ou doublon
Archive-11,Création & Production,Obsolète ou doublon
Archive-12,VALGO,Obsolète ou doublon
Archive-13,V100,Obsolète ou doublon
Archive-14,VALGO,Obsolète ou doublon
Archive-15,V-SYNCHROGUARD,Obsolète ou doublon
Archive-16,VALGO,Obsolète ou doublon
Archive-17,V-SYNCHROGUARD,Obsolète ou doublon
Archive-18,V-SYNCHROGUARD,Obsolète ou doublon
Archive-19,VBUZZ,Obsolète ou doublon
Archive-20,V100++,Obsolète ou doublon
Archive-21,VALGO,Obsolète ou doublon
Archive-22,V100++,Obsolète ou doublon
Archive-23,V100,Obsolète ou doublon
Archive-24,V-HARMONY,Obsolète ou doublon
Archive-25,VBUZZ,Obsolète ou doublon
Archive-26,Création & Production,Obsolète ou doublon
Archive-27,V100++,Obsolète ou doublon
Archive-28,Création & Production,Obsolète ou doublon
Archive-29,V100,Obsolète ou doublon
Archive-30,VBUZZ,Obsolète ou doublon
Archive-31,V-SYNCHROGUARD,Obsolète ou doublon
Archive-32,V100++,Obsolète ou doublon
Archive-33,VALGO,Obsolète ou doublon
Archive-34,V100++,Obsolète ou doublon
Archive-35,V-SYNCHROGUARD,Obsolète ou doublon
Archive-36,V100+++,Obsolète ou doublon
Archive-37,V100+++,Obsolète ou doublon
Archive-38,V-SYNCHROGUARD,Obsolète ou doublon
Archive-39,VALGO,Obsolète ou doublon
Archive-40,V100++,Obsolète ou doublon
Archive-41,V-SYNCHROGUARD,Obsolète ou doublon
Archive-42,V-HARMONY,Obsolète ou doublon
Archive-43,VBUZZ,Obsolète ou doublon
Archive-44,V-HARMONY,Obsolète ou doublon
Archive-45,V100+++,Obsolète ou doublon
Archive-46,Création & Production,Obsolète ou doublon
Archive-47,Création & Production,Obsolète ou doublon
Archive-48,V100++,Obsolète ou doublon
Archive-49,Création & Production,Obsolète ou doublon
Archive-50,V100+++,Obsolète ou doublon
Archive-51,V100++,Obsolète ou doublon
Archive-52,VALGO,Obsolète ou doublon
Archive-53,V-HARMONY,Obsolète ou doublon
Archive-54,V100++,Obsolète ou doublon
Archive-55,V-SYNCHROGUARD,Obsolète ou doublon
Archive-56,VBUZZ,Obsolète ou doublon
Archive-57,V100+++,Obsolète ou doublon
Archive-58,VBUZZ,Obsolète ou doublon
Archive-59,V100++,Obsolète ou doublon
Archive-60,V100++,Obsolète ou doublon
Archive-61,V100++,Obsolète ou doublon
Archive-62,V-HARMONY,Obsolète ou doublon
Archive-63,VBUZZ,Obsolète ou doublon
Archive-64,V-SYNCHROGUARD,Obsolète ou doublon
Archive-65,Création & Production,Obsolète ou doublon
Archive-66,V-HARMONY,Obsolète ou doublon
Archive-67,V100,Obsolète ou doublon
Archive-68,V100,Obsolète ou doublon
Archive-69,V100++,Obsolète ou doublon
Archive-70,Création & Production,Obsolète ou doublon
Archive-71,VBUZZ,Obsolète ou doublon
Archive-72,V100+++,Obsolète ou doublon
Archive-73,V100+++,Obsolète ou doublon
Archive-74,VALGO,Obsolète ou doublon
Archive-75,V100+++,Obsolète ou doublon
Archive-76,VBUZZ,Obsolète ou doublon
Archive-77,V100,Obsolète ou doublon
Archive-78,V-SYNCHROGUARD,Obsolète ou doublon
Archive-79,V-HARMONY,Obsolète ou doublon
Archive-80,V-HARMONY,Obsolète ou doublon
Archive-81,VALGO,Obsolète ou doublon
Archive-82,VALGO,Obsolète ou doublon
Archive-83,V100,Obsolète ou doublon
Archive-84,Création & Production,Obsolète ou doublon
Archive-85,VBUZZ,Obsolète ou doublon
Archive-86,V100++,Obsolète ou doublon
Archive-87,V100+++,Obsolète ou doublon
Archive-88,VALGO,Obsolète ou doublon
Archive-89,Création & Production,Obsolète ou doublon
Archive-90,V100,Obsolète ou doublon
Archive-91,VALGO,Obsolète ou doublon
Archive-92,VBUZZ,Obsolète ou doublon
